parent_sku,canonical_sku,product_title,is_color_variant,section,part_number,part_id_notion,descriptive_name,qty,qty_raw,part_role,effective_role,category,rack_size,black_batch_stocked,source_page_id,source_page_url,last_edited_at
30110-6,30110-6,"Cap Pendant 6""",False,Assembly Parts,BU8,2ceffa524c5b81eca508c4a9f88f3d69,"Bushings, 1/8IPS",4,4,Standard,Standard,Uncategorized,1,False,2aeffa524c5b80d78a93e5495a03dd62,https://www.notion.so/30110-6-2aeffa524c5b80d78a93e5495a03dd62,2026-03-26T03:08:00.000Z
30110-6,30110-6,"Cap Pendant 6""",False,Assembly Parts,C14,2ceffa524c5b81b7bf17d176b2abadc4,"Slip coupling, 1/4IPS",1,1,Finish+Color,Finish,Uncategorized,1,False,2aeffa524c5b80d78a93e5495a03dd62,https://www.notion.so/30110-6-2aeffa524c5b80d78a93e5495a03dd62,2026-03-26T03:08:00.000Z
30110-6,30110-6,"Cap Pendant 6""",False,Assembly Parts,GC6,2ceffa524c5b81cc9acbccd8e45f3d3c,"Globe cap, 6"" globe",1,1,Finish+Color,Finish,Uncategorized,1,True,2aeffa524c5b80d78a93e5495a03dd62,https://www.notion.so/30110-6-2aeffa524c5b80d78a93e5495a03dd62,2026-03-26T03:08:00.000Z
30110-6,30110-6,"Cap Pendant 6""",False,Assembly Parts,HO1,2ceffa524c5b81e7b5ceeeb692bdc42e,Globe holder,1,1,Standard,Standard,Uncategorized,1,False,2aeffa524c5b80d78a93e5495a03dd62,https://www.notion.so/30110-6-2aeffa524c5b80d78a93e5495a03dd62,2026-03-26T03:08:00.000Z
30110-6,30110-6,"Cap Pendant 6""",False,Assembly Parts,L-A15,2ceffa524c5b811fbe42f365f76af8c3,"Label, Type A15",1,1,Standard,Standard,Uncategorized,1,False,2aeffa524c5b80d78a93e5495a03dd62,https://www.notion.so/30110-6-2aeffa524c5b80d78a93e5495a03dd62,2026-03-26T03:08:00.000Z
30110-6,30110-6,"Cap Pendant 6""",False,Assembly Parts,LW8,2ceffa524c5b8135bf66d955b4fe3519,"Lock washer, 1/8IPS",1,1,Standard,Standard,Uncategorized,1,False,2aeffa524c5b80d78a93e5495a03dd62,https://www.notion.so/30110-6-2aeffa524c5b80d78a93e5495a03dd62,2026-03-26T03:08:00.000Z
30110-6,30110-6,"Cap Pendant 6""",False,Assembly Parts,NH1,2ceffa524c5b81dd97abd5451bbc5b0c,"Hex nut, 1/8IPS, thin",1,1,Standard,Standard,Uncategorized,1,False,2aeffa524c5b80d78a93e5495a03dd62,https://www.notion.so/30110-6-2aeffa524c5b80d78a93e5495a03dd62,2026-03-26T03:08:00.000Z
30110-6,30110-6,"Cap Pendant 6""",False,Assembly Parts,NH2,2ceffa524c5b8156a66cd9618e22e983,"Hex nut, 1/8IPS",1,1,Standard,Standard,Uncategorized,1,False,2aeffa524c5b80d78a93e5495a03dd62,https://www.notion.so/30110-6-2aeffa524c5b80d78a93e5495a03dd62,2026-03-26T03:08:00.000Z
30110-6,30110-6,"Cap Pendant 6""",False,Assembly Parts,NI0-7/8,2ceffa524c5b81ddbe4ef3f92dd24bfb,"Nipple, 7/8"", bushings",1,1,Standard,Standard,Uncategorized,1,False,2aeffa524c5b80d78a93e5495a03dd62,https://www.notion.so/30110-6-2aeffa524c5b80d78a93e5495a03dd62,2026-03-26T03:08:00.000Z
30110-6,30110-6,"Cap Pendant 6""",False,Assembly Parts,PM1.5,2ceffa524c5b81c7b10dd810c6f86cab,"Pipe, male, 1.5"", bushings",1,1,Finish+Color,Finish,Uncategorized,1,False,2aeffa524c5b80d78a93e5495a03dd62,https://www.notion.so/30110-6-2aeffa524c5b80d78a93e5495a03dd62,2026-03-26T03:08:00.000Z
30110-6,30110-6,"Cap Pendant 6""",False,Assembly Parts,RE84X3/4,2ceffa524c5b81348655c96ecd35cad8,"Thread reducer, 3/4""",1,1,Standard,Standard,Uncategorized,1,False,2aeffa524c5b80d78a93e5495a03dd62,https://www.notion.so/30110-6-2aeffa524c5b80d78a93e5495a03dd62,2026-03-26T03:08:00.000Z
30110-6,30110-6,"Cap Pendant 6""",False,Assembly Parts,SO1D,2ceffa524c5b8134956fcc013c89b81e,"Socket, unwired, porcelain",1,1,Standard,Standard,Uncategorized,1,False,2aeffa524c5b80d78a93e5495a03dd62,https://www.notion.so/30110-6-2aeffa524c5b80d78a93e5495a03dd62,2026-03-26T03:08:00.000Z
30110-6,30110-6,"Cap Pendant 6""",False,Assembly Parts,WIB,2ceffa524c5b8185a36ec22a7d61f122,"Wire, 105C, black",3,3'+,Standard,Standard,Uncategorized,1,False,2aeffa524c5b80d78a93e5495a03dd62,https://www.notion.so/30110-6-2aeffa524c5b80d78a93e5495a03dd62,2026-03-26T03:08:00.000Z
30110-6,30110-6,"Cap Pendant 6""",False,Assembly Parts,WIW,2ceffa524c5b81cd82f8d2f423e1e90b,"Wire, 105C, white",3,3'+,Standard,Standard,Uncategorized,1,False,2aeffa524c5b80d78a93e5495a03dd62,https://www.notion.so/30110-6-2aeffa524c5b80d78a93e5495a03dd62,2026-03-26T03:08:00.000Z
30110-6,30110-6,"Cap Pendant 6""",False,Assembly Parts,WNY,2ceffa524c5b814685a1ff27b5c74467,"Wire nuts, yellow",2,2,Standard,Standard,Uncategorized,1,False,2aeffa524c5b80d78a93e5495a03dd62,https://www.notion.so/30110-6-2aeffa524c5b80d78a93e5495a03dd62,2026-03-26T03:08:00.000Z
30110-6,30110-6,"Cap Pendant 6""",False,Canopy Configuration 2,BU8,2ceffa524c5b81eca508c4a9f88f3d69,"Bushings, 1/8IPS",2,2,Standard,Standard,Uncategorized,1,False,2aeffa524c5b80d78a93e5495a03dd62,https://www.notion.so/30110-6-2aeffa524c5b80d78a93e5495a03dd62,2026-03-26T03:08:00.000Z
30110-6,30110-6,"Cap Pendant 6""",False,Canopy Configuration 2,CB1/8,2ceffa524c5b8192bb70de57a41c7112,"Crossbar, straight, 1/8IPS",1,1,Standard,Standard,Uncategorized,1,False,2aeffa524c5b80d78a93e5495a03dd62,https://www.notion.so/30110-6-2aeffa524c5b80d78a93e5495a03dd62,2026-03-26T03:08:00.000Z
30110-6,30110-6,"Cap Pendant 6""",False,Canopy Configuration 2,GC8,2ceffa524c5b81e18585e2e946aff663,"Canopy, 1-hole",1,1,Finish+Color,Finish,Uncategorized,1,True,2aeffa524c5b80d78a93e5495a03dd62,https://www.notion.so/30110-6-2aeffa524c5b80d78a93e5495a03dd62,2026-03-26T03:08:00.000Z
30110-6,30110-6,"Cap Pendant 6""",False,Canopy Configuration 2,NH2,2ceffa524c5b8156a66cd9618e22e983,"Hex nut, 1/8IPS",1,1,Standard,Standard,Uncategorized,1,False,2aeffa524c5b80d78a93e5495a03dd62,https://www.notion.so/30110-6-2aeffa524c5b80d78a93e5495a03dd62,2026-03-26T03:08:00.000Z
30110-6,30110-6,"Cap Pendant 6""",False,Canopy Configuration 2,NI1-1/2,2ceffa524c5b81a1b223f1bab650fbf2,"Nipple, 1-1/2"", bushings",1,1,Standard,Standard,Uncategorized,1,False,2aeffa524c5b80d78a93e5495a03dd62,https://www.notion.so/30110-6-2aeffa524c5b80d78a93e5495a03dd62,2026-03-26T03:08:00.000Z
30110-6,30110-6,"Cap Pendant 6""",False,Canopy Configuration 2,SCG,2ceffa524c5b810b8b45fa21e26d4a00,"Ground screw, green",1,1,Standard,Standard,Uncategorized,1,False,2aeffa524c5b80d78a93e5495a03dd62,https://www.notion.so/30110-6-2aeffa524c5b80d78a93e5495a03dd62,2026-03-26T03:08:00.000Z
30110-6,30110-6,"Cap Pendant 6""",False,Canopy Configuration 2,SCT1,2ceffa524c5b817c8fe6f33fe784de86,"Truss screws, 8/32, 1""",2,2,Standard,Standard,Uncategorized,1,False,2aeffa524c5b80d78a93e5495a03dd62,https://www.notion.so/30110-6-2aeffa524c5b80d78a93e5495a03dd62,2026-03-26T03:08:00.000Z
30110-6,30110-6,"Cap Pendant 6""",False,Canopy Configuration 2,WNY,2ceffa524c5b814685a1ff27b5c74467,"Wire nuts, yellow",2,2,Standard,Standard,Uncategorized,1,False,2aeffa524c5b80d78a93e5495a03dd62,https://www.notion.so/30110-6-2aeffa524c5b80d78a93e5495a03dd62,2026-03-26T03:08:00.000Z
30110-6,30110-6,"Cap Pendant 6""",False,Installation Parts,BU8,2ceffa524c5b81eca508c4a9f88f3d69,"Bushings, 1/8IPS",2,2,Standard,Standard,Uncategorized,1,False,2aeffa524c5b80d78a93e5495a03dd62,https://www.notion.so/30110-6-2aeffa524c5b80d78a93e5495a03dd62,2026-03-26T03:08:00.000Z
30110-6,30110-6,"Cap Pendant 6""",False,Installation Parts,C14,2ceffa524c5b81b7bf17d176b2abadc4,"Slip coupling, 1/4IPS",1,1,Finish+Color,Finish,Uncategorized,1,False,2aeffa524c5b80d78a93e5495a03dd62,https://www.notion.so/30110-6-2aeffa524c5b80d78a93e5495a03dd62,2026-03-26T03:08:00.000Z
30110-6,30110-6,"Cap Pendant 6""",False,Installation Parts,G6,2ceffa524c5b81849cdff9432f329a78,"Globe, 6""",1,1,Standard,Standard,Uncategorized,1,False,2aeffa524c5b80d78a93e5495a03dd62,https://www.notion.so/30110-6-2aeffa524c5b80d78a93e5495a03dd62,2026-03-26T03:08:00.000Z
30110-6,30110-6,"Cap Pendant 6""",False,Installation Parts,PF12,2ceffa524c5b8120ba8cd21463bb4297,"Pipe, female, 12"", 1/8IPS",1,1,Finish+Color,Finish,Uncategorized,1,False,2aeffa524c5b80d78a93e5495a03dd62,https://www.notion.so/30110-6-2aeffa524c5b80d78a93e5495a03dd62,2026-03-26T03:08:00.000Z
30110-6,30110-6,"Cap Pendant 6""",False,Installation Parts,PM1.5,2ceffa524c5b81c7b10dd810c6f86cab,"Pipe, male, 1.5"", bushings",1,1,Finish+Color,Finish,Uncategorized,1,False,2aeffa524c5b80d78a93e5495a03dd62,https://www.notion.so/30110-6-2aeffa524c5b80d78a93e5495a03dd62,2026-03-26T03:08:00.000Z
30110-6,30110-6,"Cap Pendant 6""",False,Installation Parts,RE84X3/4,2ceffa524c5b81348655c96ecd35cad8,"Thread reducer, 3/4""",1,1,Standard,Standard,Uncategorized,1,False,2aeffa524c5b80d78a93e5495a03dd62,https://www.notion.so/30110-6-2aeffa524c5b80d78a93e5495a03dd62,2026-03-26T03:08:00.000Z
30332,30332,"Supreme Flush Mount 6""",False,Assembly Parts,BU8,2ceffa524c5b81eca508c4a9f88f3d69,"Bushings, 1/8IPS",18,18,Standard,Standard,Uncategorized,1,False,2aeffa524c5b802fa346e934ee98b5a4,https://www.notion.so/30332-2aeffa524c5b802fa346e934ee98b5a4,2026-04-29T21:17:00.000Z
30332,30332,"Supreme Flush Mount 6""",False,Assembly Parts,C14,2ceffa524c5b81b7bf17d176b2abadc4,"Slip coupling, 1/4IPS",3,3,Finish+Color,Finish,Uncategorized,1,False,2aeffa524c5b802fa346e934ee98b5a4,https://www.notion.so/30332-2aeffa524c5b802fa346e934ee98b5a4,2026-04-29T21:17:00.000Z
30332,30332,"Supreme Flush Mount 6""",False,Assembly Parts,CY1,2ceffa524c5b8130a0e4e7952ac7a14e,"Connector, Y-shape, 3 set screws",2,2,Finish Only,Finish,Uncategorized,1,True,2aeffa524c5b802fa346e934ee98b5a4,https://www.notion.so/30332-2aeffa524c5b802fa346e934ee98b5a4,2026-04-29T21:17:00.000Z
30332,30332,"Supreme Flush Mount 6""",False,Assembly Parts,GC6,2ceffa524c5b81cc9acbccd8e45f3d3c,"Globe cap, 6"" globe",3,3,Finish+Color,Finish,Uncategorized,1,True,2aeffa524c5b802fa346e934ee98b5a4,https://www.notion.so/30332-2aeffa524c5b802fa346e934ee98b5a4,2026-04-29T21:17:00.000Z
30332,30332,"Supreme Flush Mount 6""",False,Assembly Parts,HO1,2ceffa524c5b81e7b5ceeeb692bdc42e,"Globe holder, 6"" globe (black for white globes)",3,3,Standard,Standard,Uncategorized,1,False,2aeffa524c5b802fa346e934ee98b5a4,https://www.notion.so/30332-2aeffa524c5b802fa346e934ee98b5a4,2026-04-29T21:17:00.000Z
30332,30332,"Supreme Flush Mount 6""",False,Assembly Parts,L-A15,2ceffa524c5b811fbe42f365f76af8c3,"Label, Type A15",3,3,Standard,Standard,Uncategorized,1,False,2aeffa524c5b802fa346e934ee98b5a4,https://www.notion.so/30332-2aeffa524c5b802fa346e934ee98b5a4,2026-04-29T21:17:00.000Z
30332,30332,"Supreme Flush Mount 6""",False,Assembly Parts,LC1,2ceffa524c5b81b5a3e6e7d36039ee92,Lamp cup (clear globes only),3,3,Finish+Color,Finish,Uncategorized,1,True,2aeffa524c5b802fa346e934ee98b5a4,https://www.notion.so/30332-2aeffa524c5b802fa346e934ee98b5a4,2026-04-29T21:17:00.000Z
30332,30332,"Supreme Flush Mount 6""",False,Assembly Parts,LW8,2ceffa524c5b8135bf66d955b4fe3519,"Lock washer, 1/8IPS",3,3,Standard,Standard,Uncategorized,1,False,2aeffa524c5b802fa346e934ee98b5a4,https://www.notion.so/30332-2aeffa524c5b802fa346e934ee98b5a4,2026-04-29T21:17:00.000Z
30332,30332,"Supreme Flush Mount 6""",False,Assembly Parts,NH1,2ceffa524c5b81dd97abd5451bbc5b0c,"Hex nut, 1/8IPS, thin",3,3,Standard,Standard,Uncategorized,1,False,2aeffa524c5b802fa346e934ee98b5a4,https://www.notion.so/30332-2aeffa524c5b802fa346e934ee98b5a4,2026-04-29T21:17:00.000Z
30332,30332,"Supreme Flush Mount 6""",False,Assembly Parts,NI0-5/8,2ceffa524c5b81909db9c6b99e59eee5,"Nipple, 5/8"", bushings",1,1,Standard,Standard,Uncategorized,1,False,2aeffa524c5b802fa346e934ee98b5a4,https://www.notion.so/30332-2aeffa524c5b802fa346e934ee98b5a4,2026-04-29T21:17:00.000Z
30332,30332,"Supreme Flush Mount 6""",False,Assembly Parts,NI0-7/8,2ceffa524c5b81ddbe4ef3f92dd24bfb,"Nipple, 7/8"", bushings",4,4,Standard,Standard,Uncategorized,1,False,2aeffa524c5b802fa346e934ee98b5a4,https://www.notion.so/30332-2aeffa524c5b802fa346e934ee98b5a4,2026-04-29T21:17:00.000Z
30332,30332,"Supreme Flush Mount 6""",False,Assembly Parts,PF4,2ceffa524c5b81b39a6de45678040b38,"Pipe, female, 4"", 1/8IPS",1,1,Finish+Color,Finish,Uncategorized,1,False,2aeffa524c5b802fa346e934ee98b5a4,https://www.notion.so/30332-2aeffa524c5b802fa346e934ee98b5a4,2026-04-29T21:17:00.000Z
30332,30332,"Supreme Flush Mount 6""",False,Assembly Parts,PM3,2ceffa524c5b8121ae19f1fff5cbb09f,"Pipe, male, 3"", bushings",4,4,Finish+Color,Finish,Uncategorized,1,False,2aeffa524c5b802fa346e934ee98b5a4,https://www.notion.so/30332-2aeffa524c5b802fa346e934ee98b5a4,2026-04-29T21:17:00.000Z
30332,30332,"Supreme Flush Mount 6""",False,Assembly Parts,RE84X3/4,2ceffa524c5b81348655c96ecd35cad8,"Thread reducer, 3/4""",3,3,Standard,Standard,Uncategorized,1,False,2aeffa524c5b802fa346e934ee98b5a4,https://www.notion.so/30332-2aeffa524c5b802fa346e934ee98b5a4,2026-04-29T21:17:00.000Z
30332,30332,"Supreme Flush Mount 6""",False,Assembly Parts,SO1D-24,2ceffa524c5b81fe89b7c6a002c4d438,"Socket, 24"" leads, porcelain",3,3,Standard,Standard,Uncategorized,1,False,2aeffa524c5b802fa346e934ee98b5a4,https://www.notion.so/30332-2aeffa524c5b802fa346e934ee98b5a4,2026-04-29T21:17:00.000Z
30332,30332,"Supreme Flush Mount 6""",False,Assembly Parts,SS1/8,2ceffa524c5b8115b2c1e52745eef7c1,"Set screws, 8-32, 1/8""",6,6,Finish+Color,Finish,Uncategorized,1,False,2aeffa524c5b802fa346e934ee98b5a4,https://www.notion.so/30332-2aeffa524c5b802fa346e934ee98b5a4,2026-04-29T21:17:00.000Z
30332,30332,"Supreme Flush Mount 6""",False,Canopy Configuration 3,CB1/8,2ceffa524c5b8192bb70de57a41c7112,"Crossbar, straight, 1/8IPS",1,1,Standard,Standard,Uncategorized,1,False,2aeffa524c5b802fa346e934ee98b5a4,https://www.notion.so/30332-2aeffa524c5b802fa346e934ee98b5a4,2026-04-29T21:17:00.000Z
30332,30332,"Supreme Flush Mount 6""",False,Canopy Configuration 3,GC8,2ceffa524c5b81e18585e2e946aff663,"Canopy, 1-hole",1,1,Finish+Color,Finish,Uncategorized,1,True,2aeffa524c5b802fa346e934ee98b5a4,https://www.notion.so/30332-2aeffa524c5b802fa346e934ee98b5a4,2026-04-29T21:17:00.000Z
30332,30332,"Supreme Flush Mount 6""",False,Canopy Configuration 3,HK5/64,2ceffa524c5b81599fa8db692db01d9d,"Hex key, 5/64""",1,1,Standard,Standard,Uncategorized,1,False,2aeffa524c5b802fa346e934ee98b5a4,https://www.notion.so/30332-2aeffa524c5b802fa346e934ee98b5a4,2026-04-29T21:17:00.000Z
30332,30332,"Supreme Flush Mount 6""",False,Canopy Configuration 3,SCG,2ceffa524c5b810b8b45fa21e26d4a00,"Ground screw, green",1,1,Standard,Standard,Uncategorized,1,False,2aeffa524c5b802fa346e934ee98b5a4,https://www.notion.so/30332-2aeffa524c5b802fa346e934ee98b5a4,2026-04-29T21:17:00.000Z
30332,30332,"Supreme Flush Mount 6""",False,Canopy Configuration 3,SCT1,2ceffa524c5b817c8fe6f33fe784de86,"Truss screw, 1"", 8-32",2,2,Standard,Standard,Uncategorized,1,False,2aeffa524c5b802fa346e934ee98b5a4,https://www.notion.so/30332-2aeffa524c5b802fa346e934ee98b5a4,2026-04-29T21:17:00.000Z
30332,30332,"Supreme Flush Mount 6""",False,Canopy Configuration 3,SR1,2ceffa524c5b81b2bcdfdb405e033b77,"Slip ring, 1/2"" ID, set screw",1,1,Finish Only,Finish,Uncategorized,1,False,2aeffa524c5b802fa346e934ee98b5a4,https://www.notion.so/30332-2aeffa524c5b802fa346e934ee98b5a4,2026-04-29T21:17:00.000Z
30332,30332,"Supreme Flush Mount 6""",False,Canopy Configuration 3,SS3/16,2ceffa524c5b81c28cfbc88d16643533,"Set screw, 8-32, 3/16""",1,1,Finish Only,Finish,Uncategorized,1,False,2aeffa524c5b802fa346e934ee98b5a4,https://www.notion.so/30332-2aeffa524c5b802fa346e934ee98b5a4,2026-04-29T21:17:00.000Z
30332,30332,"Supreme Flush Mount 6""",False,Canopy Configuration 3,WNY,2ceffa524c5b814685a1ff27b5c74467,"Wire nuts, yellow",2,2,Standard,Standard,Uncategorized,1,False,2aeffa524c5b802fa346e934ee98b5a4,https://www.notion.so/30332-2aeffa524c5b802fa346e934ee98b5a4,2026-04-29T21:17:00.000Z
30332,30332,"Supreme Flush Mount 6""",False,Installation Parts,G6,2ceffa524c5b81849cdff9432f329a78,"Globe, 6""",3,3,Standard,Standard,Uncategorized,1,False,2aeffa524c5b802fa346e934ee98b5a4,https://www.notion.so/30332-2aeffa524c5b802fa346e934ee98b5a4,2026-04-29T21:17:00.000Z
40120-0,40120-0,"Color Boom Sconce, no arm",False,Assembly Parts,BS1-M0,2ceffa524c5b81638535daec87970686,"Bullet shade, square slip hole",1,1,Color Only,Color,Uncategorized,1,False,2aeffa524c5b80ae981aedd5ba1b4efb,https://www.notion.so/40120-0-2aeffa524c5b80ae981aedd5ba1b4efb,2026-03-26T03:08:00.000Z
40120-0,40120-0,"Color Boom Sconce, no arm",False,Assembly Parts,BU8,2ceffa524c5b81eca508c4a9f88f3d69,"Bushing, 1/8IPS",6,6,Standard,Standard,Uncategorized,1,False,2aeffa524c5b80ae981aedd5ba1b4efb,https://www.notion.so/40120-0-2aeffa524c5b80ae981aedd5ba1b4efb,2026-03-26T03:08:00.000Z
40120-0,40120-0,"Color Boom Sconce, no arm",False,Assembly Parts,CA5-M0,2ceffa524c5b81fd905de731497a8b20,"Canopy, 5” diameter, switch hole",1,1,Finish+Color,Color,Uncategorized,1,False,2aeffa524c5b80ae981aedd5ba1b4efb,https://www.notion.so/40120-0-2aeffa524c5b80ae981aedd5ba1b4efb,2026-03-26T03:08:00.000Z
40120-0,40120-0,"Color Boom Sconce, no arm",False,Assembly Parts,GA1,2ceffa524c5b815e8ce3cc0f2712f137,"Gas attachment, 1/8IPS",1,1,Standard,Standard,Uncategorized,1,False,2aeffa524c5b80ae981aedd5ba1b4efb,https://www.notion.so/40120-0-2aeffa524c5b80ae981aedd5ba1b4efb,2026-03-26T03:08:00.000Z
40120-0,40120-0,"Color Boom Sconce, no arm",False,Assembly Parts,L-A,2ceffa524c5b818e8178f63248e81ee8,"Label, Type A",1,1,Standard,Standard,Uncategorized,1,False,2aeffa524c5b80ae981aedd5ba1b4efb,https://www.notion.so/40120-0-2aeffa524c5b80ae981aedd5ba1b4efb,2026-03-26T03:08:00.000Z
40120-0,40120-0,"Color Boom Sconce, no arm",False,Assembly Parts,LU8P,2ceffa524c5b81e1b939c83304b20512,"Ground wire lug, pre-wired",1,1,Standard,Standard,Uncategorized,1,False,2aeffa524c5b80ae981aedd5ba1b4efb,https://www.notion.so/40120-0-2aeffa524c5b80ae981aedd5ba1b4efb,2026-03-26T03:08:00.000Z
40120-0,40120-0,"Color Boom Sconce, no arm",False,Assembly Parts,LW8,2ceffa524c5b8135bf66d955b4fe3519,"Lock washer, 1/8IPS",2,2,Standard,Standard,Uncategorized,1,False,2aeffa524c5b80ae981aedd5ba1b4efb,https://www.notion.so/40120-0-2aeffa524c5b80ae981aedd5ba1b4efb,2026-03-26T03:08:00.000Z
40120-0,40120-0,"Color Boom Sconce, no arm",False,Assembly Parts,LWX8,2ceffa524c5b817f8f45d7db5269572d,"Lock washer, external, 1/8IPS",1,1,Standard,Standard,Uncategorized,1,False,2aeffa524c5b80ae981aedd5ba1b4efb,https://www.notion.so/40120-0-2aeffa524c5b80ae981aedd5ba1b4efb,2026-03-26T03:08:00.000Z
40120-0,40120-0,"Color Boom Sconce, no arm",False,Assembly Parts,NH2,2ceffa524c5b8156a66cd9618e22e983,"Hex nut, 1/8IPS",1,1,Standard,Standard,Uncategorized,1,False,2aeffa524c5b80ae981aedd5ba1b4efb,https://www.notion.so/40120-0-2aeffa524c5b80ae981aedd5ba1b4efb,2026-03-26T03:08:00.000Z
40120-0,40120-0,"Color Boom Sconce, no arm",False,Assembly Parts,NI0-3/4,2ceffa524c5b81ee9db2ecf061396c1b,"Nipple, 3/4""",1,1,Standard,Standard,Uncategorized,1,False,2aeffa524c5b80ae981aedd5ba1b4efb,https://www.notion.so/40120-0-2aeffa524c5b80ae981aedd5ba1b4efb,2026-03-26T03:08:00.000Z
40120-0,40120-0,"Color Boom Sconce, no arm",False,Assembly Parts,NL1,2ceffa524c5b81509aa0f2c87e0fe5c4,"Lock nut, teeth, 1/8IPS",1,1,Standard,Standard,Uncategorized,1,False,2aeffa524c5b80ae981aedd5ba1b4efb,https://www.notion.so/40120-0-2aeffa524c5b80ae981aedd5ba1b4efb,2026-03-26T03:08:00.000Z
40120-0,40120-0,"Color Boom Sconce, no arm",False,Assembly Parts,SJ2,2ceffa524c5b81019ef4faeb35ecc960,"Swivel joint, 1/8IPS, 8-32",1,1,Finish Only,Finish,Uncategorized,1,False,2aeffa524c5b80ae981aedd5ba1b4efb,https://www.notion.so/40120-0-2aeffa524c5b80ae981aedd5ba1b4efb,2026-03-26T03:08:00.000Z
40120-0,40120-0,"Color Boom Sconce, no arm",False,Assembly Parts,SO1D-10,2ceffa524c5b8188b132e214ff772cb6,"Socket, 10” leads, porcelain
(longer arms need SO1D-24)",1,1,Standard,Standard,Uncategorized,1,False,2aeffa524c5b80ae981aedd5ba1b4efb,https://www.notion.so/40120-0-2aeffa524c5b80ae981aedd5ba1b4efb,2026-03-26T03:08:00.000Z
40120-0,40120-0,"Color Boom Sconce, no arm",False,Assembly Parts,SS1/8,2ceffa524c5b8115b2c1e52745eef7c1,"Set screw, 8-32, 1/8”",1,1,Finish+Color,Finish,Uncategorized,1,False,2aeffa524c5b80ae981aedd5ba1b4efb,https://www.notion.so/40120-0-2aeffa524c5b80ae981aedd5ba1b4efb,2026-03-26T03:08:00.000Z
40120-0,40120-0,"Color Boom Sconce, no arm",False,Assembly Parts,WA2,2ceffa524c5b81d8be50f0c703563824,"Washer, 2""",1,1,Standard,Standard,Uncategorized,1,False,2aeffa524c5b80ae981aedd5ba1b4efb,https://www.notion.so/40120-0-2aeffa524c5b80ae981aedd5ba1b4efb,2026-03-26T03:08:00.000Z
40120-0,40120-0,"Color Boom Sconce, no arm",False,Installation Parts,MP1,2d1ffa524c5b805a8cd9e6bfbebfdf5d,"Crossbar, 3-hole, side-mount",1,1,Standard,Standard,Uncategorized,1,False,2aeffa524c5b80ae981aedd5ba1b4efb,https://www.notion.so/40120-0-2aeffa524c5b80ae981aedd5ba1b4efb,2026-03-26T03:08:00.000Z
40120-0,40120-0,"Color Boom Sconce, no arm",False,Installation Parts,SCF,2ceffa524c5b8115bd3ce51e1cce6506,"Flat-head screw, 8-32, 0.5”",3,3,Finish+Color,Finish,Uncategorized,1,False,2aeffa524c5b80ae981aedd5ba1b4efb,https://www.notion.so/40120-0-2aeffa524c5b80ae981aedd5ba1b4efb,2026-03-26T03:08:00.000Z
40120-0,40120-0,"Color Boom Sconce, no arm",False,Installation Parts,SCT1,2ceffa524c5b817c8fe6f33fe784de86,"Truss screw, 8-32, 1”",2,2,Standard,Standard,Uncategorized,1,False,2aeffa524c5b80ae981aedd5ba1b4efb,https://www.notion.so/40120-0-2aeffa524c5b80ae981aedd5ba1b4efb,2026-03-26T03:08:00.000Z
40120-0,40120-0,"Color Boom Sconce, no arm",False,Installation Parts,WNY,2ceffa524c5b814685a1ff27b5c74467,"Wire nuts, yellow",3,3,Standard,Standard,Uncategorized,1,False,2aeffa524c5b80ae981aedd5ba1b4efb,https://www.notion.so/40120-0-2aeffa524c5b80ae981aedd5ba1b4efb,2026-03-26T03:08:00.000Z
40120-0,40120-0,"Color Boom Sconce, no arm",False,Switch Parts,KN1,2ceffa524c5b81f38cbfccae133a67a2,"Knob, 8-32 set screw hole",1,1,Finish+Color,Color,Uncategorized,1,False,2aeffa524c5b80ae981aedd5ba1b4efb,https://www.notion.so/40120-0-2aeffa524c5b80ae981aedd5ba1b4efb,2026-03-26T03:08:00.000Z
40120-0,40120-0,"Color Boom Sconce, no arm",False,Switch Parts,SS1/4,2ceffa524c5b81a8b52af42167422d69,"Set screw, 8-32, 1/4”",1,1,Finish Only,Finish,Uncategorized,1,False,2aeffa524c5b80ae981aedd5ba1b4efb,https://www.notion.so/40120-0-2aeffa524c5b80ae981aedd5ba1b4efb,2026-03-26T03:08:00.000Z
40120-0,40120-0,"Color Boom Sconce, no arm",False,Switch Parts,SW4,2ceffa524c5b813f9ec0ff66646d1696,"Switch, rotary, dimmer (includes small nut and washer)",1,1,Standard,Standard,Uncategorized,1,False,2aeffa524c5b80ae981aedd5ba1b4efb,https://www.notion.so/40120-0-2aeffa524c5b80ae981aedd5ba1b4efb,2026-03-26T03:08:00.000Z
40120-0,40120-0,"Color Boom Sconce, no arm",False,Switch Parts,WC2,2ceffa524c5b818ab3f7c98f6967877e,"Wire connector, 2-wires",1,1,Standard,Standard,Uncategorized,1,False,2aeffa524c5b80ae981aedd5ba1b4efb,https://www.notion.so/40120-0-2aeffa524c5b80ae981aedd5ba1b4efb,2026-03-26T03:08:00.000Z
40120-0,40120-0,"Color Boom Sconce, no arm",False,Switch Parts,WFW,2ceffa524c5b81c0bfc5c6be37d737fb,"Wire ferrule, white",2,2,Standard,Standard,Uncategorized,1,False,2aeffa524c5b80ae981aedd5ba1b4efb,https://www.notion.so/40120-0-2aeffa524c5b80ae981aedd5ba1b4efb,2026-03-26T03:08:00.000Z
50120-10,50120-10,"Color Cadbury Sconce 10""",False,Assembly Parts,BU8,2ceffa524c5b81eca508c4a9f88f3d69,"Bushings, 1/8IPS",4,4,Standard,Standard,Uncategorized,1,False,2aeffa524c5b80af832aede14060b887,https://www.notion.so/50120-10-2aeffa524c5b80af832aede14060b887,2026-03-26T03:08:00.000Z
50120-10,50120-10,"Color Cadbury Sconce 10""",False,Assembly Parts,C14,2ceffa524c5b81b7bf17d176b2abadc4,"Slip coupling, 1/4IPS",1,1,Finish+Color,Finish,Uncategorized,1,False,2aeffa524c5b80af832aede14060b887,https://www.notion.so/50120-10-2aeffa524c5b80af832aede14060b887,2026-03-26T03:08:00.000Z
50120-10,50120-10,"Color Cadbury Sconce 10""",False,Assembly Parts,CRT5/8,2ceffa524c5b814ba2ddcb5454108c0b,"Check ring, 5/8”, 1/8IPS slip",1,1,Finish Only,Finish,Uncategorized,1,True,2aeffa524c5b80af832aede14060b887,https://www.notion.so/50120-10-2aeffa524c5b80af832aede14060b887,2026-03-26T03:08:00.000Z
50120-10,50120-10,"Color Cadbury Sconce 10""",False,Assembly Parts,DO10,2ceffa524c5b81f5ac1bd7f81fdbcadf,"Dome, 10”",1,1,Finish+Color,Color,Uncategorized,1,False,2aeffa524c5b80af832aede14060b887,https://www.notion.so/50120-10-2aeffa524c5b80af832aede14060b887,2026-03-26T03:08:00.000Z
50120-10,50120-10,"Color Cadbury Sconce 10""",False,Assembly Parts,GC10,2ceffa524c5b817ea31cde201840e64f,"Globe cap, 10” globe",1,1,Finish+Color,Finish,Uncategorized,1,True,2aeffa524c5b80af832aede14060b887,https://www.notion.so/50120-10-2aeffa524c5b80af832aede14060b887,2026-03-26T03:08:00.000Z
50120-10,50120-10,"Color Cadbury Sconce 10""",False,Assembly Parts,L-A,2ceffa524c5b818e8178f63248e81ee8,"Label, Type A",1,1,Standard,Standard,Uncategorized,1,False,2aeffa524c5b80af832aede14060b887,https://www.notion.so/50120-10-2aeffa524c5b80af832aede14060b887,2026-03-26T03:08:00.000Z
50120-10,50120-10,"Color Cadbury Sconce 10""",False,Assembly Parts,LCZ1,2ceffa524c5b8161a6a0fdbe13a34c51,Lamp cup (or LC1),1,1,Finish Only,Finish,Uncategorized,1,False,2aeffa524c5b80af832aede14060b887,https://www.notion.so/50120-10-2aeffa524c5b80af832aede14060b887,2026-03-26T03:08:00.000Z
50120-10,50120-10,"Color Cadbury Sconce 10""",False,Assembly Parts,LW8,2ceffa524c5b8135bf66d955b4fe3519,"Lock washer, 1/8IPS",1,1,Standard,Standard,Uncategorized,1,False,2aeffa524c5b80af832aede14060b887,https://www.notion.so/50120-10-2aeffa524c5b80af832aede14060b887,2026-03-26T03:08:00.000Z
50120-10,50120-10,"Color Cadbury Sconce 10""",False,Assembly Parts,NH1,2ceffa524c5b81dd97abd5451bbc5b0c,"Hex nut, 1/8IPS, thin",1,1,Standard,Standard,Uncategorized,1,False,2aeffa524c5b80af832aede14060b887,https://www.notion.so/50120-10-2aeffa524c5b80af832aede14060b887,2026-03-26T03:08:00.000Z
50120-10,50120-10,"Color Cadbury Sconce 10""",False,Assembly Parts,NI1,2ceffa524c5b81178f2af4abcc199bee,"Nipple, 1”, bushings",1,1,Standard,Standard,Uncategorized,1,False,2aeffa524c5b80af832aede14060b887,https://www.notion.so/50120-10-2aeffa524c5b80af832aede14060b887,2026-03-26T03:08:00.000Z
50120-10,50120-10,"Color Cadbury Sconce 10""",False,Assembly Parts,NK1,2ceffa524c5b816aaf31c88655e8929b,"Nut, knurled, 1/8IPS (on PM6)",1,1,Finish Only,Finish,Uncategorized,1,False,2aeffa524c5b80af832aede14060b887,https://www.notion.so/50120-10-2aeffa524c5b80af832aede14060b887,2026-03-26T03:08:00.000Z
50120-10,50120-10,"Color Cadbury Sconce 10""",False,Assembly Parts,PFB2,2ceffa524c5b814f8ddcf8b3d83410ca,"Pipe, female, bent, 1/8IPS",1,1,Finish+Color,Finish,Uncategorized,1,True,2aeffa524c5b80af832aede14060b887,https://www.notion.so/50120-10-2aeffa524c5b80af832aede14060b887,2026-03-26T03:08:00.000Z
50120-10,50120-10,"Color Cadbury Sconce 10""",False,Assembly Parts,PM6,2ceffa524c5b81938b15cf094d7719bb,"Pipe, male, 6”, bushings",1,1,Finish+Color,Finish,Uncategorized,1,False,2aeffa524c5b80af832aede14060b887,https://www.notion.so/50120-10-2aeffa524c5b80af832aede14060b887,2026-03-26T03:08:00.000Z
50120-10,50120-10,"Color Cadbury Sconce 10""",False,Assembly Parts,RE84X3/4,2ceffa524c5b81348655c96ecd35cad8,"Thread reducer, 3/4""",1,1,Standard,Standard,Uncategorized,1,False,2aeffa524c5b80af832aede14060b887,https://www.notion.so/50120-10-2aeffa524c5b80af832aede14060b887,2026-03-26T03:08:00.000Z
50120-10,50120-10,"Color Cadbury Sconce 10""",False,Assembly Parts,SO1D-24,2ceffa524c5b81fe89b7c6a002c4d438,"Socket, 24” leads, damp",1,1,Standard,Standard,Uncategorized,1,False,2aeffa524c5b80af832aede14060b887,https://www.notion.so/50120-10-2aeffa524c5b80af832aede14060b887,2026-03-26T03:08:00.000Z
50120-10,50120-10,"Color Cadbury Sconce 10""",False,Installation Parts,BU8,2ceffa524c5b81eca508c4a9f88f3d69,"Bushings, 1/8IPS",2,2,Standard,Standard,Uncategorized,1,False,2aeffa524c5b80af832aede14060b887,https://www.notion.so/50120-10-2aeffa524c5b80af832aede14060b887,2026-03-26T03:08:00.000Z
50120-10,50120-10,"Color Cadbury Sconce 10""",False,Installation Parts,CB1/8,2ceffa524c5b8192bb70de57a41c7112,"Crossbar, straight, 1/8IPS",1,1,Standard,Standard,Uncategorized,1,False,2aeffa524c5b80af832aede14060b887,https://www.notion.so/50120-10-2aeffa524c5b80af832aede14060b887,2026-03-26T03:08:00.000Z
50120-10,50120-10,"Color Cadbury Sconce 10""",False,Installation Parts,GC8,2ceffa524c5b81e18585e2e946aff663,"Canopy, 1-hole",1,1,Finish+Color,Finish,Uncategorized,1,True,2aeffa524c5b80af832aede14060b887,https://www.notion.so/50120-10-2aeffa524c5b80af832aede14060b887,2026-03-26T03:08:00.000Z
50120-10,50120-10,"Color Cadbury Sconce 10""",False,Installation Parts,NH2,2ceffa524c5b8156a66cd9618e22e983,"Hex nut, 1/8IPS, thick",1,1,Standard,Standard,Uncategorized,1,False,2aeffa524c5b80af832aede14060b887,https://www.notion.so/50120-10-2aeffa524c5b80af832aede14060b887,2026-03-26T03:08:00.000Z
50120-10,50120-10,"Color Cadbury Sconce 10""",False,Installation Parts,NI1-1/2,2ceffa524c5b81a1b223f1bab650fbf2,"Nipple, 1-1/2”, bushings",1,1,Standard,Standard,Uncategorized,1,False,2aeffa524c5b80af832aede14060b887,https://www.notion.so/50120-10-2aeffa524c5b80af832aede14060b887,2026-03-26T03:08:00.000Z
50120-10,50120-10,"Color Cadbury Sconce 10""",False,Installation Parts,SCG,2ceffa524c5b810b8b45fa21e26d4a00,"Ground screw, green",1,1,Standard,Standard,Uncategorized,1,False,2aeffa524c5b80af832aede14060b887,https://www.notion.so/50120-10-2aeffa524c5b80af832aede14060b887,2026-03-26T03:08:00.000Z
50120-10,50120-10,"Color Cadbury Sconce 10""",False,Installation Parts,SCT1,2ceffa524c5b817c8fe6f33fe784de86,"Truss screw, 8-32, 1”",2,2,Standard,Standard,Uncategorized,1,False,2aeffa524c5b80af832aede14060b887,https://www.notion.so/50120-10-2aeffa524c5b80af832aede14060b887,2026-03-26T03:08:00.000Z
50120-10,50120-10,"Color Cadbury Sconce 10""",False,Installation Parts,WNY,2ceffa524c5b814685a1ff27b5c74467,"Wire nuts, yellow",2,2,Standard,Standard,Uncategorized,1,False,2aeffa524c5b80af832aede14060b887,https://www.notion.so/50120-10-2aeffa524c5b80af832aede14060b887,2026-03-26T03:08:00.000Z
50120-8,50120-8,"Color Cadbury Sconce 8""",False,Assembly Parts,BU8,2ceffa524c5b81eca508c4a9f88f3d69,"Bushings, 1/8IPS",4,4,Standard,Standard,Uncategorized,1,False,2aeffa524c5b803b8fc7e057d2a114ed,https://www.notion.so/50120-8-2aeffa524c5b803b8fc7e057d2a114ed,2026-03-26T03:06:00.000Z
50120-8,50120-8,"Color Cadbury Sconce 8""",False,Assembly Parts,C14,2ceffa524c5b81b7bf17d176b2abadc4,"Slip coupling, 1/4IPS",1,1,Finish+Color,Finish,Uncategorized,1,False,2aeffa524c5b803b8fc7e057d2a114ed,https://www.notion.so/50120-8-2aeffa524c5b803b8fc7e057d2a114ed,2026-03-26T03:06:00.000Z
50120-8,50120-8,"Color Cadbury Sconce 8""",False,Assembly Parts,CRT5/8,2ceffa524c5b814ba2ddcb5454108c0b,"Check ring, 5/8”, 1/8IPS slip",1,1,Finish Only,Finish,Uncategorized,1,True,2aeffa524c5b803b8fc7e057d2a114ed,https://www.notion.so/50120-8-2aeffa524c5b803b8fc7e057d2a114ed,2026-03-26T03:06:00.000Z
50120-8,50120-8,"Color Cadbury Sconce 8""",False,Assembly Parts,DO8,2ceffa524c5b8107a4fae9c2995060b2,"Dome, 8”",1,1,Finish+Color,Color,Uncategorized,1,False,2aeffa524c5b803b8fc7e057d2a114ed,https://www.notion.so/50120-8-2aeffa524c5b803b8fc7e057d2a114ed,2026-03-26T03:06:00.000Z
50120-8,50120-8,"Color Cadbury Sconce 8""",False,Assembly Parts,GC8,2ceffa524c5b81e18585e2e946aff663,"Globe cap, 8” globe",1,1,Finish+Color,Finish,Uncategorized,1,True,2aeffa524c5b803b8fc7e057d2a114ed,https://www.notion.so/50120-8-2aeffa524c5b803b8fc7e057d2a114ed,2026-03-26T03:06:00.000Z
50120-8,50120-8,"Color Cadbury Sconce 8""",False,Assembly Parts,L-A,2ceffa524c5b818e8178f63248e81ee8,"Label, Type A",1,1,Standard,Standard,Uncategorized,1,False,2aeffa524c5b803b8fc7e057d2a114ed,https://www.notion.so/50120-8-2aeffa524c5b803b8fc7e057d2a114ed,2026-03-26T03:06:00.000Z
50120-8,50120-8,"Color Cadbury Sconce 8""",False,Assembly Parts,LCZ1,2ceffa524c5b8161a6a0fdbe13a34c51,Lamp cup (or LC1),1,1,Finish Only,Finish,Uncategorized,1,False,2aeffa524c5b803b8fc7e057d2a114ed,https://www.notion.so/50120-8-2aeffa524c5b803b8fc7e057d2a114ed,2026-03-26T03:06:00.000Z
50120-8,50120-8,"Color Cadbury Sconce 8""",False,Assembly Parts,LW8,2ceffa524c5b8135bf66d955b4fe3519,"Lock washer, 1/8IPS",1,1,Standard,Standard,Uncategorized,1,False,2aeffa524c5b803b8fc7e057d2a114ed,https://www.notion.so/50120-8-2aeffa524c5b803b8fc7e057d2a114ed,2026-03-26T03:06:00.000Z
50120-8,50120-8,"Color Cadbury Sconce 8""",False,Assembly Parts,NH1,2ceffa524c5b81dd97abd5451bbc5b0c,"Hex nut, 1/8IPS, thin",1,1,Standard,Standard,Uncategorized,1,False,2aeffa524c5b803b8fc7e057d2a114ed,https://www.notion.so/50120-8-2aeffa524c5b803b8fc7e057d2a114ed,2026-03-26T03:06:00.000Z
50120-8,50120-8,"Color Cadbury Sconce 8""",False,Assembly Parts,NI1,2ceffa524c5b81178f2af4abcc199bee,"Nipple, 1”, bushings",1,1,Standard,Standard,Uncategorized,1,False,2aeffa524c5b803b8fc7e057d2a114ed,https://www.notion.so/50120-8-2aeffa524c5b803b8fc7e057d2a114ed,2026-03-26T03:06:00.000Z
50120-8,50120-8,"Color Cadbury Sconce 8""",False,Assembly Parts,NK1,2ceffa524c5b816aaf31c88655e8929b,"Nut, knurled, 1/8IPS (on PM3)",1,1,Finish Only,Finish,Uncategorized,1,False,2aeffa524c5b803b8fc7e057d2a114ed,https://www.notion.so/50120-8-2aeffa524c5b803b8fc7e057d2a114ed,2026-03-26T03:06:00.000Z
50120-8,50120-8,"Color Cadbury Sconce 8""",False,Assembly Parts,PFB2,2ceffa524c5b814f8ddcf8b3d83410ca,"Pipe, female, bent, 1/8IPS",1,1,Finish+Color,Finish,Uncategorized,1,True,2aeffa524c5b803b8fc7e057d2a114ed,https://www.notion.so/50120-8-2aeffa524c5b803b8fc7e057d2a114ed,2026-03-26T03:06:00.000Z
50120-8,50120-8,"Color Cadbury Sconce 8""",False,Assembly Parts,PM3,2ceffa524c5b8121ae19f1fff5cbb09f,"Pipe, male, 3”, bushings",1,1,Finish+Color,Finish,Uncategorized,1,False,2aeffa524c5b803b8fc7e057d2a114ed,https://www.notion.so/50120-8-2aeffa524c5b803b8fc7e057d2a114ed,2026-03-26T03:06:00.000Z
50120-8,50120-8,"Color Cadbury Sconce 8""",False,Assembly Parts,RE84X3/4,2ceffa524c5b81348655c96ecd35cad8,"Thread reducer, 3/4""",1,1,Standard,Standard,Uncategorized,1,False,2aeffa524c5b803b8fc7e057d2a114ed,https://www.notion.so/50120-8-2aeffa524c5b803b8fc7e057d2a114ed,2026-03-26T03:06:00.000Z
50120-8,50120-8,"Color Cadbury Sconce 8""",False,Assembly Parts,SO1D-24,2ceffa524c5b81fe89b7c6a002c4d438,"Socket, 24” leads, damp",1,1,Standard,Standard,Uncategorized,1,False,2aeffa524c5b803b8fc7e057d2a114ed,https://www.notion.so/50120-8-2aeffa524c5b803b8fc7e057d2a114ed,2026-03-26T03:06:00.000Z
50120-8,50120-8,"Color Cadbury Sconce 8""",False,Installation Parts,BU8,2ceffa524c5b81eca508c4a9f88f3d69,"Bushings, 1/8IPS",2,2,Standard,Standard,Uncategorized,1,False,2aeffa524c5b803b8fc7e057d2a114ed,https://www.notion.so/50120-8-2aeffa524c5b803b8fc7e057d2a114ed,2026-03-26T03:06:00.000Z
50120-8,50120-8,"Color Cadbury Sconce 8""",False,Installation Parts,CB1/8,2ceffa524c5b8192bb70de57a41c7112,"Crossbar, straight, 1/8IPS",1,1,Standard,Standard,Uncategorized,1,False,2aeffa524c5b803b8fc7e057d2a114ed,https://www.notion.so/50120-8-2aeffa524c5b803b8fc7e057d2a114ed,2026-03-26T03:06:00.000Z
50120-8,50120-8,"Color Cadbury Sconce 8""",False,Installation Parts,GC8,2ceffa524c5b81e18585e2e946aff663,"Canopy, 1-hole",1,1,Finish+Color,Finish,Uncategorized,1,True,2aeffa524c5b803b8fc7e057d2a114ed,https://www.notion.so/50120-8-2aeffa524c5b803b8fc7e057d2a114ed,2026-03-26T03:06:00.000Z
50120-8,50120-8,"Color Cadbury Sconce 8""",False,Installation Parts,NH2,2ceffa524c5b8156a66cd9618e22e983,"Hex nut, 1/8IPS, thick",1,1,Standard,Standard,Uncategorized,1,False,2aeffa524c5b803b8fc7e057d2a114ed,https://www.notion.so/50120-8-2aeffa524c5b803b8fc7e057d2a114ed,2026-03-26T03:06:00.000Z
50120-8,50120-8,"Color Cadbury Sconce 8""",False,Installation Parts,NI1-1/2,2ceffa524c5b81a1b223f1bab650fbf2,"Nipple, 1-1/2”, bushings",1,1,Standard,Standard,Uncategorized,1,False,2aeffa524c5b803b8fc7e057d2a114ed,https://www.notion.so/50120-8-2aeffa524c5b803b8fc7e057d2a114ed,2026-03-26T03:06:00.000Z
50120-8,50120-8,"Color Cadbury Sconce 8""",False,Installation Parts,SCG,2ceffa524c5b810b8b45fa21e26d4a00,"Ground screw, green",1,1,Standard,Standard,Uncategorized,1,False,2aeffa524c5b803b8fc7e057d2a114ed,https://www.notion.so/50120-8-2aeffa524c5b803b8fc7e057d2a114ed,2026-03-26T03:06:00.000Z
50120-8,50120-8,"Color Cadbury Sconce 8""",False,Installation Parts,SCT1,2ceffa524c5b817c8fe6f33fe784de86,"Truss screw, 8-32, 1”",2,2,Standard,Standard,Uncategorized,1,False,2aeffa524c5b803b8fc7e057d2a114ed,https://www.notion.so/50120-8-2aeffa524c5b803b8fc7e057d2a114ed,2026-03-26T03:06:00.000Z
50120-8,50120-8,"Color Cadbury Sconce 8""",False,Installation Parts,WNY,2ceffa524c5b814685a1ff27b5c74467,"Wire nuts, yellow",2,2,Standard,Standard,Uncategorized,1,False,2aeffa524c5b803b8fc7e057d2a114ed,https://www.notion.so/50120-8-2aeffa524c5b803b8fc7e057d2a114ed,2026-03-26T03:06:00.000Z
50131-12,50131-12,"Color Hemi Flush Mount 12""",False,Assembly Parts,BU8,2ceffa524c5b81eca508c4a9f88f3d69,"Bushings, 1/8IPS",2,2,Standard,Standard,Uncategorized,1,False,2aeffa524c5b80cf9fc5cad8ffd486ae,https://www.notion.so/50131-12-2aeffa524c5b80cf9fc5cad8ffd486ae,2026-03-26T03:08:00.000Z
50131-12,50131-12,"Color Hemi Flush Mount 12""",False,Assembly Parts,CA5,2ceffa524c5b81ab9ab5e4074c7392df,"Canopy, 3-hole side, 5” diameter",1,1,Finish+Color,Finish,Uncategorized,1,False,2aeffa524c5b80cf9fc5cad8ffd486ae,https://www.notion.so/50131-12-2aeffa524c5b80cf9fc5cad8ffd486ae,2026-03-26T03:08:00.000Z
50131-12,50131-12,"Color Hemi Flush Mount 12""",False,Assembly Parts,DO12,2ceffa524c5b8174a244cf35ea99feb7,"Dome, 12”",1,1,Finish+Color,Color,Uncategorized,1,False,2aeffa524c5b80cf9fc5cad8ffd486ae,https://www.notion.so/50131-12-2aeffa524c5b80cf9fc5cad8ffd486ae,2026-03-26T03:08:00.000Z
50131-12,50131-12,"Color Hemi Flush Mount 12""",False,Assembly Parts,L-A,2ceffa524c5b818e8178f63248e81ee8,"Label, Type A",1,1,Standard,Standard,Uncategorized,1,False,2aeffa524c5b80cf9fc5cad8ffd486ae,https://www.notion.so/50131-12-2aeffa524c5b80cf9fc5cad8ffd486ae,2026-03-26T03:08:00.000Z
50131-12,50131-12,"Color Hemi Flush Mount 12""",False,Assembly Parts,LCZ1,2ceffa524c5b8161a6a0fdbe13a34c51,"Lamp cup, 2nd quality",1,1,Finish Only,Finish,Uncategorized,1,False,2aeffa524c5b80cf9fc5cad8ffd486ae,https://www.notion.so/50131-12-2aeffa524c5b80cf9fc5cad8ffd486ae,2026-03-26T03:08:00.000Z
50131-12,50131-12,"Color Hemi Flush Mount 12""",False,Assembly Parts,LU8P,2ceffa524c5b81e1b939c83304b20512,"Ground wire lug, pre-wired",1,1,Standard,Standard,Uncategorized,1,False,2aeffa524c5b80cf9fc5cad8ffd486ae,https://www.notion.so/50131-12-2aeffa524c5b80cf9fc5cad8ffd486ae,2026-03-26T03:08:00.000Z
50131-12,50131-12,"Color Hemi Flush Mount 12""",False,Assembly Parts,LW8,2ceffa524c5b8135bf66d955b4fe3519,"Lock washer, 1/8IPS",1,1,Standard,Standard,Uncategorized,1,False,2aeffa524c5b80cf9fc5cad8ffd486ae,https://www.notion.so/50131-12-2aeffa524c5b80cf9fc5cad8ffd486ae,2026-03-26T03:08:00.000Z
50131-12,50131-12,"Color Hemi Flush Mount 12""",False,Assembly Parts,NH2,2ceffa524c5b8156a66cd9618e22e983,"Hex nut, 1/8IPS, thick",1,1,Standard,Standard,Uncategorized,1,False,2aeffa524c5b80cf9fc5cad8ffd486ae,https://www.notion.so/50131-12-2aeffa524c5b80cf9fc5cad8ffd486ae,2026-03-26T03:08:00.000Z
50131-12,50131-12,"Color Hemi Flush Mount 12""",False,Assembly Parts,NI0-3/4,2ceffa524c5b81ee9db2ecf061396c1b,"Nipple, 3/4”, bushings",1,1,Standard,Standard,Uncategorized,1,False,2aeffa524c5b80cf9fc5cad8ffd486ae,https://www.notion.so/50131-12-2aeffa524c5b80cf9fc5cad8ffd486ae,2026-03-26T03:08:00.000Z
50131-12,50131-12,"Color Hemi Flush Mount 12""",False,Assembly Parts,SO1D-10,2ceffa524c5b8188b132e214ff772cb6,"Socket, 10” leads, porcelain",1,1,Standard,Standard,Uncategorized,1,False,2aeffa524c5b80cf9fc5cad8ffd486ae,https://www.notion.so/50131-12-2aeffa524c5b80cf9fc5cad8ffd486ae,2026-03-26T03:08:00.000Z
50131-12,50131-12,"Color Hemi Flush Mount 12""",False,Assembly Parts,WA2,2ceffa524c5b81d8be50f0c703563824,"Washer, 2""",1,1,Standard,Standard,Uncategorized,1,False,2aeffa524c5b80cf9fc5cad8ffd486ae,https://www.notion.so/50131-12-2aeffa524c5b80cf9fc5cad8ffd486ae,2026-03-26T03:08:00.000Z
50131-12,50131-12,"Color Hemi Flush Mount 12""",False,Installation Parts,MP1,2d1ffa524c5b805a8cd9e6bfbebfdf5d,"Crossbar, 3-hole, side-mount",1,1,Standard,Standard,Uncategorized,1,False,2aeffa524c5b80cf9fc5cad8ffd486ae,https://www.notion.so/50131-12-2aeffa524c5b80cf9fc5cad8ffd486ae,2026-03-26T03:08:00.000Z
50131-12,50131-12,"Color Hemi Flush Mount 12""",False,Installation Parts,SCF,2ceffa524c5b8115bd3ce51e1cce6506,"Flat-head screw, 8-32, 0.5”",3,3,Finish+Color,Finish,Uncategorized,1,False,2aeffa524c5b80cf9fc5cad8ffd486ae,https://www.notion.so/50131-12-2aeffa524c5b80cf9fc5cad8ffd486ae,2026-03-26T03:08:00.000Z
50131-12,50131-12,"Color Hemi Flush Mount 12""",False,Installation Parts,SCT1,2ceffa524c5b817c8fe6f33fe784de86,"Truss screw, 8-32, 1”",2,2,Standard,Standard,Uncategorized,1,False,2aeffa524c5b80cf9fc5cad8ffd486ae,https://www.notion.so/50131-12-2aeffa524c5b80cf9fc5cad8ffd486ae,2026-03-26T03:08:00.000Z
50131-12,50131-12,"Color Hemi Flush Mount 12""",False,Installation Parts,WNY,2ceffa524c5b814685a1ff27b5c74467,"Wire nuts, yellow",3,3,Standard,Standard,Uncategorized,1,False,2aeffa524c5b80cf9fc5cad8ffd486ae,https://www.notion.so/50131-12-2aeffa524c5b80cf9fc5cad8ffd486ae,2026-03-26T03:08:00.000Z
60132,60132,Twink Flush Mount,False,Assembly Parts,BU8,2ceffa524c5b81eca508c4a9f88f3d69,"Bushings, 1/8IPS",2,2,Standard,Standard,Uncategorized,1,False,2aeffa524c5b80c6bc67c8bb05702c7e,https://www.notion.so/60132-2aeffa524c5b80c6bc67c8bb05702c7e,2026-03-26T03:08:00.000Z
60132,60132,Twink Flush Mount,False,Assembly Parts,CA5,2ceffa524c5b81ab9ab5e4074c7392df,"Canopy, 3-hole side, 5” diameter",1,1,Finish+Color,Finish,Uncategorized,1,False,2aeffa524c5b80c6bc67c8bb05702c7e,https://www.notion.so/60132-2aeffa524c5b80c6bc67c8bb05702c7e,2026-03-26T03:08:00.000Z
60132,60132,Twink Flush Mount,False,Assembly Parts,L-A,2ceffa524c5b818e8178f63248e81ee8,"Label, Type A",1,1,Standard,Standard,Uncategorized,1,False,2aeffa524c5b80c6bc67c8bb05702c7e,https://www.notion.so/60132-2aeffa524c5b80c6bc67c8bb05702c7e,2026-03-26T03:08:00.000Z
60132,60132,Twink Flush Mount,False,Assembly Parts,LC1,2ceffa524c5b81b5a3e6e7d36039ee92,Lamp cup,1,1,Finish+Color,Finish,Uncategorized,1,True,2aeffa524c5b80c6bc67c8bb05702c7e,https://www.notion.so/60132-2aeffa524c5b80c6bc67c8bb05702c7e,2026-03-26T03:08:00.000Z
60132,60132,Twink Flush Mount,False,Assembly Parts,LU8P,2ceffa524c5b81e1b939c83304b20512,"Ground wire lug, prewired",1,1,Standard,Standard,Uncategorized,1,False,2aeffa524c5b80c6bc67c8bb05702c7e,https://www.notion.so/60132-2aeffa524c5b80c6bc67c8bb05702c7e,2026-03-26T03:08:00.000Z
60132,60132,Twink Flush Mount,False,Assembly Parts,LW8,2ceffa524c5b8135bf66d955b4fe3519,"Lock washer, 1/8IPS",1,1,Standard,Standard,Uncategorized,1,False,2aeffa524c5b80c6bc67c8bb05702c7e,https://www.notion.so/60132-2aeffa524c5b80c6bc67c8bb05702c7e,2026-03-26T03:08:00.000Z
60132,60132,Twink Flush Mount,False,Assembly Parts,NH2,2ceffa524c5b8156a66cd9618e22e983,"Hex nut, 1/8IPS, thick",1,1,Standard,Standard,Uncategorized,1,False,2aeffa524c5b80c6bc67c8bb05702c7e,https://www.notion.so/60132-2aeffa524c5b80c6bc67c8bb05702c7e,2026-03-26T03:08:00.000Z
60132,60132,Twink Flush Mount,False,Assembly Parts,NI0-3/4,2ceffa524c5b81ee9db2ecf061396c1b,"Nipple, 3/4”, bushings",1,1,Standard,Standard,Uncategorized,1,False,2aeffa524c5b80c6bc67c8bb05702c7e,https://www.notion.so/60132-2aeffa524c5b80c6bc67c8bb05702c7e,2026-03-26T03:08:00.000Z
60132,60132,Twink Flush Mount,False,Assembly Parts,SO1D-10,2ceffa524c5b8188b132e214ff772cb6,"Socket, 10” leads, porcelain",1,1,Standard,Standard,Uncategorized,1,False,2aeffa524c5b80c6bc67c8bb05702c7e,https://www.notion.so/60132-2aeffa524c5b80c6bc67c8bb05702c7e,2026-03-26T03:08:00.000Z
60132,60132,Twink Flush Mount,False,Assembly Parts,WA2,2ceffa524c5b81d8be50f0c703563824,"Washer, 2""",1,1,Standard,Standard,Uncategorized,1,False,2aeffa524c5b80c6bc67c8bb05702c7e,https://www.notion.so/60132-2aeffa524c5b80c6bc67c8bb05702c7e,2026-03-26T03:08:00.000Z
60132,60132,Twink Flush Mount,False,Installation Parts,MP1,2d1ffa524c5b805a8cd9e6bfbebfdf5d,"Crossbar, 3-hole, side-mount",1,1,Standard,Standard,Uncategorized,1,False,2aeffa524c5b80c6bc67c8bb05702c7e,https://www.notion.so/60132-2aeffa524c5b80c6bc67c8bb05702c7e,2026-03-26T03:08:00.000Z
60132,60132,Twink Flush Mount,False,Installation Parts,SCF,2ceffa524c5b8115bd3ce51e1cce6506,"Flat-head screws, 8-32, 0.5”",3,3,Finish+Color,Finish,Uncategorized,1,False,2aeffa524c5b80c6bc67c8bb05702c7e,https://www.notion.so/60132-2aeffa524c5b80c6bc67c8bb05702c7e,2026-03-26T03:08:00.000Z
60132,60132,Twink Flush Mount,False,Installation Parts,SCT1,2ceffa524c5b817c8fe6f33fe784de86,"Truss screws, 8-32, 1”",2,2,Standard,Standard,Uncategorized,1,False,2aeffa524c5b80c6bc67c8bb05702c7e,https://www.notion.so/60132-2aeffa524c5b80c6bc67c8bb05702c7e,2026-03-26T03:08:00.000Z
60132,60132,Twink Flush Mount,False,Installation Parts,WNY,2ceffa524c5b814685a1ff27b5c74467,"Wire nuts, yellow",3,3,Standard,Standard,Uncategorized,1,False,2aeffa524c5b80c6bc67c8bb05702c7e,https://www.notion.so/60132-2aeffa524c5b80c6bc67c8bb05702c7e,2026-03-26T03:08:00.000Z
60230,60230,"Color Pilot Flush Mount 29""",False,Assembly Parts,BU8,2ceffa524c5b81eca508c4a9f88f3d69,"Bushings, 1/8IPS",6,6,Standard,Standard,Uncategorized,1,False,2aeffa524c5b80d2a6fcefd1ebbd4f08,https://www.notion.so/60230-2aeffa524c5b80d2a6fcefd1ebbd4f08,2026-03-26T03:08:00.000Z
60230,60230,"Color Pilot Flush Mount 29""",False,Assembly Parts,L-A,2ceffa524c5b818e8178f63248e81ee8,"Label, Type A",2,2,Standard,Standard,Uncategorized,1,False,2aeffa524c5b80d2a6fcefd1ebbd4f08,https://www.notion.so/60230-2aeffa524c5b80d2a6fcefd1ebbd4f08,2026-03-26T03:08:00.000Z
60230,60230,"Color Pilot Flush Mount 29""",False,Assembly Parts,LC1,2ceffa524c5b81b5a3e6e7d36039ee92,Lamp cup,2,2,Finish+Color,Color,Uncategorized,1,True,2aeffa524c5b80d2a6fcefd1ebbd4f08,https://www.notion.so/60230-2aeffa524c5b80d2a6fcefd1ebbd4f08,2026-03-26T03:08:00.000Z
60230,60230,"Color Pilot Flush Mount 29""",False,Assembly Parts,LW8,2ceffa524c5b8135bf66d955b4fe3519,"Lock washer, 1/8IPS",2,2,Standard,Standard,Uncategorized,1,False,2aeffa524c5b80d2a6fcefd1ebbd4f08,https://www.notion.so/60230-2aeffa524c5b80d2a6fcefd1ebbd4f08,2026-03-26T03:08:00.000Z
60230,60230,"Color Pilot Flush Mount 29""",False,Assembly Parts,NB0-3/4,2ceffa524c5b811886f6f40bfbefa953,"Neck break, 3/4"", 1/8IPS",1,1,Color Only,Color,Uncategorized,1,False,2aeffa524c5b80d2a6fcefd1ebbd4f08,https://www.notion.so/60230-2aeffa524c5b80d2a6fcefd1ebbd4f08,2026-03-26T03:08:00.000Z
60230,60230,"Color Pilot Flush Mount 29""",False,Assembly Parts,NI0-3/4,2ceffa524c5b81ee9db2ecf061396c1b,"Nipple, 3/4"", bushings",2,2,Standard,Standard,Uncategorized,1,False,2aeffa524c5b80d2a6fcefd1ebbd4f08,https://www.notion.so/60230-2aeffa524c5b80d2a6fcefd1ebbd4f08,2026-03-26T03:08:00.000Z
60230,60230,"Color Pilot Flush Mount 29""",False,Assembly Parts,NI1-1/8,2ceffa524c5b8127a239f47d6516cdbd,"Nipple, 1-1/8"", bushings",1,1,Standard,Standard,Uncategorized,1,False,2aeffa524c5b80d2a6fcefd1ebbd4f08,https://www.notion.so/60230-2aeffa524c5b80d2a6fcefd1ebbd4f08,2026-03-26T03:08:00.000Z
60230,60230,"Color Pilot Flush Mount 29""",False,Assembly Parts,PA24-M2,2ceffa524c5b81498b74c8c65908b5bb,"Pipe aluminum, tier, 24""",1,1,Color Only,Color,Uncategorized,1,False,2aeffa524c5b80d2a6fcefd1ebbd4f08,https://www.notion.so/60230-2aeffa524c5b80d2a6fcefd1ebbd4f08,2026-03-26T03:08:00.000Z
60230,60230,"Color Pilot Flush Mount 29""",False,Assembly Parts,RE84X7/16,2ceffa524c5b8154bec4e3730b20cd4f,"Reducer, 1/4 to 1/8, 7/16""",4,4,Standard,Standard,Uncategorized,1,False,2aeffa524c5b80d2a6fcefd1ebbd4f08,https://www.notion.so/60230-2aeffa524c5b80d2a6fcefd1ebbd4f08,2026-03-26T03:08:00.000Z
60230,60230,"Color Pilot Flush Mount 29""",False,Assembly Parts,SO1D,2ceffa524c5b8134956fcc013c89b81e,"Socket, unwired, porcelain",2,2,Standard,Standard,Uncategorized,1,False,2aeffa524c5b80d2a6fcefd1ebbd4f08,https://www.notion.so/60230-2aeffa524c5b80d2a6fcefd1ebbd4f08,2026-03-26T03:08:00.000Z
60230,60230,"Color Pilot Flush Mount 29""",False,Assembly Parts,SS1/8,2ceffa524c5b8115b2c1e52745eef7c1,"Set screw, 8-32, 1/8"", nickel
(or black for all black)",2,2,Finish+Color,Finish,Uncategorized,1,False,2aeffa524c5b80d2a6fcefd1ebbd4f08,https://www.notion.so/60230-2aeffa524c5b80d2a6fcefd1ebbd4f08,2026-03-26T03:08:00.000Z
60230,60230,"Color Pilot Flush Mount 29""",False,Assembly Parts,WIB,2ceffa524c5b8185a36ec22a7d61f122,"Wire, 105C, black, 2 cuts",30,"30""",Standard,Standard,Uncategorized,1,False,2aeffa524c5b80d2a6fcefd1ebbd4f08,https://www.notion.so/60230-2aeffa524c5b80d2a6fcefd1ebbd4f08,2026-03-26T03:08:00.000Z
60230,60230,"Color Pilot Flush Mount 29""",False,Assembly Parts,WIW,2ceffa524c5b81cd82f8d2f423e1e90b,"Wire, 105C, white, 2 cuts",30,"30""",Standard,Standard,Uncategorized,1,False,2aeffa524c5b80d2a6fcefd1ebbd4f08,https://www.notion.so/60230-2aeffa524c5b80d2a6fcefd1ebbd4f08,2026-03-26T03:08:00.000Z
60230,60230,"Color Pilot Flush Mount 29""",False,Canopy Configuration KL1B,CA5,2ceffa524c5b81ab9ab5e4074c7392df,"Canopy, 3-hole side, 5"" diameter",1,1,Finish+Color,Color,Uncategorized,1,False,2aeffa524c5b80d2a6fcefd1ebbd4f08,https://www.notion.so/60230-2aeffa524c5b80d2a6fcefd1ebbd4f08,2026-03-26T03:08:00.000Z
60230,60230,"Color Pilot Flush Mount 29""",False,Canopy Configuration KL1B,LU8P,2ceffa524c5b81e1b939c83304b20512,"Ground wire lug, pre-wired",1,1,Standard,Standard,Uncategorized,1,False,2aeffa524c5b80d2a6fcefd1ebbd4f08,https://www.notion.so/60230-2aeffa524c5b80d2a6fcefd1ebbd4f08,2026-03-26T03:08:00.000Z
60230,60230,"Color Pilot Flush Mount 29""",False,Canopy Configuration KL1B,LW8,2ceffa524c5b8135bf66d955b4fe3519,"Lock washer, 1/8IPS",1,1,Standard,Standard,Uncategorized,1,False,2aeffa524c5b80d2a6fcefd1ebbd4f08,https://www.notion.so/60230-2aeffa524c5b80d2a6fcefd1ebbd4f08,2026-03-26T03:08:00.000Z
60230,60230,"Color Pilot Flush Mount 29""",False,Canopy Configuration KL1B,MP1,2d1ffa524c5b805a8cd9e6bfbebfdf5d,"Crossbar, 3-hole, side-mount",1,1,Standard,Standard,Uncategorized,1,False,2aeffa524c5b80d2a6fcefd1ebbd4f08,https://www.notion.so/60230-2aeffa524c5b80d2a6fcefd1ebbd4f08,2026-03-26T03:08:00.000Z
60230,60230,"Color Pilot Flush Mount 29""",False,Canopy Configuration KL1B,NH2,2ceffa524c5b8156a66cd9618e22e983,"Hex nut, 1/8IPS, thick",1,1,Standard,Standard,Uncategorized,1,False,2aeffa524c5b80d2a6fcefd1ebbd4f08,https://www.notion.so/60230-2aeffa524c5b80d2a6fcefd1ebbd4f08,2026-03-26T03:08:00.000Z
60230,60230,"Color Pilot Flush Mount 29""",False,Canopy Configuration KL1B,SCF,2ceffa524c5b8115bd3ce51e1cce6506,"Flat-head screw, 8-32, 0.5""
(Nickel or black if black)",3,3,Finish+Color,Finish,Uncategorized,1,False,2aeffa524c5b80d2a6fcefd1ebbd4f08,https://www.notion.so/60230-2aeffa524c5b80d2a6fcefd1ebbd4f08,2026-03-26T03:08:00.000Z
60230,60230,"Color Pilot Flush Mount 29""",False,Canopy Configuration KL1B,SCT1,2ceffa524c5b817c8fe6f33fe784de86,"Truss screws, 8-32, 1""",2,2,Standard,Standard,Uncategorized,1,False,2aeffa524c5b80d2a6fcefd1ebbd4f08,https://www.notion.so/60230-2aeffa524c5b80d2a6fcefd1ebbd4f08,2026-03-26T03:08:00.000Z
60230,60230,"Color Pilot Flush Mount 29""",False,Canopy Configuration KL1B,WA2,2ceffa524c5b81d8be50f0c703563824,"Washer, 2""",1,1,Standard,Standard,Uncategorized,1,False,2aeffa524c5b80d2a6fcefd1ebbd4f08,https://www.notion.so/60230-2aeffa524c5b80d2a6fcefd1ebbd4f08,2026-03-26T03:08:00.000Z
60230,60230,"Color Pilot Flush Mount 29""",False,Canopy Configuration KL1B,WNY,2ceffa524c5b814685a1ff27b5c74467,"Wire nuts, yellow",3,3,Standard,Standard,Uncategorized,1,False,2aeffa524c5b80d2a6fcefd1ebbd4f08,https://www.notion.so/60230-2aeffa524c5b80d2a6fcefd1ebbd4f08,2026-03-26T03:08:00.000Z
60230,60230,"Color Pilot Flush Mount 29""",False,Installation Parts,NI1,2ceffa524c5b81178f2af4abcc199bee,"Nipple, 1"", bushings",1,1,Standard,Standard,Uncategorized,1,False,2aeffa524c5b80d2a6fcefd1ebbd4f08,https://www.notion.so/60230-2aeffa524c5b80d2a6fcefd1ebbd4f08,2026-03-26T03:08:00.000Z
60230,60230,"Color Pilot Flush Mount 29""",False,Installation Parts,PA6-M1,2ceffa524c5b810b8503f4f5bf9ee8d5,"Pipe aluminum, extension, 8-32 set screws",1,1,Color Only,Color,Uncategorized,1,False,2aeffa524c5b80d2a6fcefd1ebbd4f08,https://www.notion.so/60230-2aeffa524c5b80d2a6fcefd1ebbd4f08,2026-03-26T03:08:00.000Z
60230,60230,"Color Pilot Flush Mount 29""",False,Installation Parts,SS1/8,2ceffa524c5b8115b2c1e52745eef7c1,"Set screw, 8-32, 1/8"" (nickel or black if black)",2,2,Finish+Color,Finish,Uncategorized,1,False,2aeffa524c5b80d2a6fcefd1ebbd4f08,https://www.notion.so/60230-2aeffa524c5b80d2a6fcefd1ebbd4f08,2026-03-26T03:08:00.000Z
